Group (g),Time (t),"ATT(g,t)",Std. Error,CI Lower,CI Upper,Significant
1969.0,1965,-3.8813620735617285,5.83453298345355,-15.317046721130687,7.55432257400723,
1969.0,1966,5.558784316567811,9.206753215175079,-12.486451985175341,23.60402061831096,
1969.0,1967,2.044877332799582,5.070273655308703,-7.892859031605474,11.982613697204638,
1969.0,1968,3.0803181143367993,2.674640846465712,-2.161977944735996,8.322614173409594,
1969.0,1969,0.8708618388456445,5.801830031837366,-10.500725023555592,12.242448701246882,
1969.0,1970,-9.57458782196045,8.423843411445658,-26.08532090839394,6.936145264473041,
1969.0,1971,-12.382786865234381,6.890220152395155,-25.887618363928887,1.1220446334601224,
1969.0,1972,-4.231935847889294,3.9192801091281217,-11.913724861780413,3.449853166001825,
1969.0,1973,4.46408446629842,7.734537489900059,-10.695609013905695,19.623777946502535,
1969.0,1974,0.018753051757812843,5.696602389030389,-11.146587630741749,11.184093734257374,
1969.0,1975,0.8621877942766465,5.015915143663175,-8.969005887303176,10.69338147585647,
1969.0,1976,-13.269739786783859,6.999955691125433,-26.989652941389707,0.45017336782198925,
1969.0,1977,-0.050263722737628316,6.202184943769564,-12.206546212525973,12.106018767050715,
1969.0,1978,-5.365762074788411,9.199755930762947,-23.397283699083786,12.665759549506966,
1969.0,1979,-2.040501276652018,1.1255744752855057,-4.24662724821161,0.16562469490757303,
1969.0,1980,-5.795843124389648,6.803998363937695,-19.13167991770753,7.5399936689282345,
1969.0,1981,2.1930065155029297,3.7922393495779994,-5.239782609669949,9.625795640675808,
1969.0,1982,-5.108905792236328,8.745598584629482,-22.250279018110113,12.032467433637457,
1969.0,1983,3.649774551391598,6.826513728868004,-9.730192357189688,17.029741459972882,
1969.0,1984,-6.669122695922852,8.722186521506226,-23.764608278075052,10.426362886229349,
1970.0,1965,1.2634748010074393,4.071753511310546,-6.717162081161231,9.24411168317611,
1970.0,1966,4.682727645425236,2.596115918780717,-0.4056595553849691,9.771114846235442,
1970.0,1967,-2.1086958716897404,3.5520863182183042,-9.070785055397616,4.853393312018136,
1970.0,1968,-4.9760532379150355,8.008449454541763,-20.672614168816892,10.72050769298682,
1970.0,1969,5.929678916931153,4.065301402226894,-2.0383118314335595,13.897669665295865,
1970.0,1970,-0.262689590454102,3.5704121146793804,-7.260697335225688,6.735318154317483,
1970.0,1971,-1.168003158569341,3.1561991161316936,-7.354153426187461,5.018147109048778,
1970.0,1972,-1.0294198122891511,4.534929818011518,-9.917882255591726,7.859042631013424,
1970.0,1973,-9.915349801381424,5.179052664158763,-20.0662930231326,0.23559342036975117,
1970.0,1974,-12.455874972873257,4.819874518789126,-21.902829029699944,-3.00892091604657,***
1970.0,1975,-10.199635914393834,8.218820934512218,-26.30852494603778,5.909253117250113,
1970.0,1976,-17.677392959594727,12.054893586290731,-41.30498438872456,5.950198469535106,
1970.0,1977,-15.773470560709635,7.82621808650545,-31.112858010260318,-0.43408311115895337,***
1970.0,1978,-24.531172434488933,13.905993154754036,-51.786919017806845,2.724574148828978,
1970.0,1979,-22.620265960693363,13.452884278418153,-48.98791914639294,3.747387225006218,
1970.0,1980,-29.81777000427246,14.340955776611688,-57.92604332643137,-1.7094966821135529,***
1970.0,1981,-22.17510414123535,14.185157576482565,-49.97801299114118,5.6278047086704746,
1970.0,1982,-33.854936599731445,11.839886998189101,-57.06111511618208,-10.648758083280807,***
1970.0,1983,-28.77889442443848,19.26556881485599,-66.53940930155622,8.981620452679255,
1970.0,1984,-25.422927856445312,18.887789953892973,-62.44299616607554,11.597140453184913,
1971.0,1965,-4.545898991852555,4.511568263508021,-13.388572788328277,4.296774804623167,
1971.0,1966,-5.684270670848528,3.449359266959114,-12.445014834088393,1.0764734923913357,
1971.0,1967,4.018050940753206,3.9322207905148265,-3.6891018086558542,11.725203690162266,
1971.0,1968,5.883690613243967,3.205126939016571,-0.3983581872285118,12.165739413716446,
1971.0,1969,-4.34916713250377,3.8284680278577548,-11.852964467104968,3.1546302020974286,
1971.0,1970,-0.30203159877232016,5.065262207388913,-10.229945525254589,9.625882327709949,
1971.0,1971,-7.827588348388673,6.306917977260927,-20.189147583820088,4.533970887042743,
1971.0,1972,-10.543318884713312,7.18568784193609,-24.627267054908046,3.5406292854814243,
1971.0,1973,-2.232478527795704,7.218790181811699,-16.381307284146633,11.916350228555226,
1971.0,1974,9.256372542608354,5.663710774592315,-1.8445005755925834,20.35724566080929,
1971.0,1975,7.363154275076729,4.741546151212555,-1.9302761812998792,16.656584731453336,
1971.0,1976,3.5036007109142497,11.95854981784843,-19.935156932068676,26.942358353897173,
1971.0,1977,9.391547702607657,7.877615942261762,-6.048579544225397,24.83167494944071,
1971.0,1978,-0.1366573515392492,7.059071992926398,-13.97243845767499,13.699123754596492,
1971.0,1979,1.984970274425684,4.963713014184052,-7.743907233375058,11.713847782226427,
1971.0,1980,1.2799442836216492,4.435587247113646,-7.413806720721096,9.973695287964395,
1971.0,1981,5.000700814383366,7.853583819998129,-10.392323472812967,20.393725101579697,
1971.0,1982,-2.0069323948451467,4.800546239966954,-11.416003025180377,7.402138235490082,
1971.0,1983,0.3120395115443575,5.438420343228656,-10.347264361183807,10.971343384272522,
1971.0,1984,8.013071877615788,5.263178604690174,-2.302758187576954,18.32890194280853,
1972.0,1965,1.6771732099128498,2.1747861796416768,-2.5854077021848365,5.939754122010536,
1972.0,1966,2.3360309600830065,4.63217600191408,-6.7430340036685905,11.415095923834603,
1972.0,1967,-4.195294582482539,5.6674002315745104,-15.30339903636858,6.912809871403502,
1972.0,1968,8.691637328176789,3.784729512328781,1.2735674840123776,16.1097071723412,***
1972.0,1969,-9.9465455496183,3.456081551425001,-16.720465390411302,-3.172625708825298,***
1972.0,1970,-1.273728644710847,2.301045013018449,-5.783776870227007,3.236319580805314,
1972.0,1971,2.8468233744303384,3.6688763173286194,-4.344174207533756,10.037820956394432,
1972.0,1972,-5.46568997701009,5.838887565573228,-16.909909605533617,5.978529651513437,
1972.0,1973,0.06055911382039421,6.299059179019341,-12.285596877057515,12.406715104698304,
1972.0,1974,1.5740534464518225,6.393870602335085,-10.957932934124944,14.106039827028589,
1972.0,1975,3.6259240649995377,4.908261901955376,-5.994269262832999,13.246117392832074,
1972.0,1976,1.2878557840983071,11.981449749755285,-22.19578572542205,24.771497293618665,
1972.0,1977,8.595382054646812,9.504159193945327,-10.032769965486029,27.223534074779653,
1972.0,1978,-7.599215825398763,6.3750657907543,-20.09434477527719,4.895913124479665,
1972.0,1979,3.1518891652425123,9.9395795962828,-16.329686843471773,22.633465173956797,
1972.0,1980,1.6763305664062527,6.625858272324844,-11.31035164735044,14.663012780162944,
1972.0,1981,12.413887659708662,10.695798128145478,-8.549876671456476,33.3776519908738,
1972.0,1982,-0.004720052083332149,6.281550102038032,-12.316558252077876,12.307118147911211,
1972.0,1983,2.964193979899086,10.395805541226851,-17.41158488090554,23.339972840703712,
1972.0,1984,13.326331456502277,5.017081080832992,3.492852538069613,23.159810374934942,***
1973.0,1965,0.33248301285963877,3.5836865500790425,-6.691542625295285,7.356508651014562,
1973.0,1966,-0.7636000266441939,4.327592019290469,-9.245680384453513,7.718480331165124,
1973.0,1967,0.5470533224252545,7.43862327345298,-14.032648293542586,15.126754938393095,
1973.0,1968,-2.9273370889516968,5.71801687252373,-14.134650159098207,8.279975981194813,
1973.0,1969,3.2272427241007473,4.650805414259771,-5.8883358878484025,12.342821336049898,
1973.0,1970,-4.33874234286222,4.724535610371686,-13.598832139190725,4.921347453466284,
1973.0,1971,1.7283476511637366,6.9204088436334805,-11.835653682357886,15.292348984685358,
1973.0,1972,-4.346141497294111,7.175042728645276,-18.409225245438854,9.71694225085063,
1973.0,1973,13.462881310780842,6.793567130889495,0.14748973423743195,26.778272887324253,***
1973.0,1974,9.578769683837889,7.712281325782928,-5.53730171469665,24.694841082372427,
1973.0,1975,19.357877131870815,9.659073245156563,0.4260935713639533,38.28966069237768,***
1973.0,1976,13.394284947713215,7.950894598986285,-2.1894684662999033,28.978038361726334,
1973.0,1977,13.862459818522137,8.783194307030145,-3.3526010232569483,31.07752066030122,
1973.0,1978,7.635423151652018,5.582975504598871,-3.3072088373617685,18.578055140665803,
1973.0,1979,11.49457410176595,8.641382395888177,-5.442535394174877,28.43168359770678,
1973.0,1980,9.061721801757818,6.289764682521523,-3.266216975984367,21.389660579500003,
1973.0,1981,16.29410362243653,10.355618498044157,-4.002908633730016,36.59111587860308,
1973.0,1982,5.247554016113286,6.489157424770315,-7.471194536436531,17.966302568663103,
1973.0,1983,7.349128723144533,8.753617080562632,-9.807960754758225,24.50621820104729,
1973.0,1984,15.21923141479492,5.3264696321896485,4.77935093570321,25.65911189388663,***
1974.0,1965,-4.655106342200078,5.112736384504417,-14.676069655828735,5.365856971428579,
1974.0,1966,5.8579398068514745,5.11849639184258,-4.174313121159983,15.890192734862932,
1974.0,1967,-3.892812671083392,2.968679236180131,-9.711423973996448,1.925798631829664,
1974.0,1968,-3.5804976261023347,4.932834138810398,-13.248852538170713,6.087857285966044,
1974.0,1969,2.541190485800468,2.313954084298292,-1.9941595194241848,7.076540491025121,
1974.0,1970,4.869914438532688,2.7655147604035686,-0.5504944918583066,10.290323368923683,
1974.0,1971,-7.753304221413356,3.5523067619871864,-14.715825474908241,-0.7907829679184708,***
1974.0,1972,9.186576374790125,4.1031935942853215,1.1443169299908948,17.228835819589357,***
1974.0,1973,2.92990345425076,5.661172293267043,-8.165994240552646,14.025801149054164,
1974.0,1974,-4.247394349839953,5.3365280813538725,-14.706989389293543,6.212200689613636,
1974.0,1975,2.027914955502464,6.61912359919391,-10.945567298917599,15.001397209922526,
1974.0,1976,-4.25366274515788,8.22088790231476,-20.366603033694805,11.859277543379047,
1974.0,1977,-5.788052241007489,4.551404058100169,-14.708804194883818,3.132699712868841,
1974.0,1978,-9.063165028889976,5.64263240880529,-20.122724550148344,1.9963944923683918,
1974.0,1979,-1.6627330780029308,1.9851124964048303,-5.553553570956399,2.2280874149505365,
1974.0,1980,-8.137498219807945,8.189670132691711,-24.1892516798837,7.91425524026781,
1974.0,1981,-4.53673108418783,3.8123463129490323,-12.008929857567932,2.935467689192273,
1974.0,1982,-13.209203084309898,6.280668749975072,-25.51931383426104,-0.8990923343587571,***
1974.0,1983,-10.844304402669273,5.742373302209721,-22.099356075000326,0.41074726966177977,
1974.0,1984,-15.926205952962242,4.296737708996826,-24.34781186259602,-7.5046000433284625,***
1975.0,1965,21.212792733136354,15.091842653291032,-8.367218867314069,50.79280433358677,
1975.0,1966,-7.220084414762613,5.065249855686569,-17.14797413190829,2.707805302383062,
1975.0,1967,-1.8101262485279748,2.7410820595226943,-7.182647085192455,3.562394588136506,
1975.0,1968,8.514745712280273,4.711861200689948,-0.7205022410720243,17.749993665632573,
1975.0,1969,-8.420991778373718,8.362989225517719,-24.812450660388446,7.97046710364101,
1975.0,1970,-8.595827229817708,5.6723398706958434,-19.71361337638156,2.5219589167461454,
1975.0,1971,7.112105742744777,8.611734938339644,-9.766894736400925,23.99110622189048,
1975.0,1972,-17.587950706481926,8.04373970839247,-33.35368053493117,-1.8222208780326845,***
1975.0,1973,19.80688228607178,6.017350760950561,8.012874794608681,31.600889777534878,***
1975.0,1974,-3.8231618063790465,7.533747909966686,-18.58930770991375,10.942984097155659,
1975.0,1975,3.6653881072998025,1.8312211314679867,0.0761946896225485,7.254581524977056,***
1975.0,1976,1.2242329915364585,9.307956676956751,-17.019362095298774,19.46782807837169,
1975.0,1977,-2.7886142730712895,8.602285930577606,-19.649094697003395,14.071866150860817,
1975.0,1978,-7.269142150878906,5.373533708985196,-17.801268220489888,3.2629839187320773,
1975.0,1979,-8.227116902669271,11.165670102591868,-30.11183030374933,13.657596498410788,
1975.0,1980,-6.435873031616211,3.6742222995330347,-13.637348738700958,0.7656026754685366,
1975.0,1981,-0.3372173309326172,4.932817221192543,-10.005539084470001,9.331104422604767,
1975.0,1982,-9.557302474975586,2.3106754109541714,-14.08622628044576,-5.02837866950541,***
1975.0,1983,-15.724829673767093,7.331932112765153,-30.095416614786792,-1.3542427327473945,***
1975.0,1984,10.857608795166016,5.861572644369889,-0.6310735877989657,22.346291178130997,
1976.0,1965,-15.047670909336635,1.9773075725514941,-18.923193751537564,-11.172148067135707,***
1976.0,1966,1.1709377288818357,2.095884558970677,-2.9369960067006917,5.278871464464363,
1976.0,1967,-6.999650028773717,2.4214178061828826,-11.745628928892167,-2.2536711286552666,***
1976.0,1968,4.312516457693917,2.199402452535891,0.0016876507235705773,8.623345264664263,***
1976.0,1969,-10.335780635024562,2.0581201648928453,-14.36969615821454,-6.301865111834585,***
1976.0,1970,11.067825809601816,1.9702390179590112,7.206157334402153,14.929494284801478,***
1976.0,1971,1.0264066060384103,3.13433976173507,-5.116899326962327,7.169712539039147,
1976.0,1972,6.444439297630672,3.5816916035332853,-0.5756762452945665,13.46455484055591,
1976.0,1973,-23.69321944496848,3.5900193148283255,-30.729657302032,-16.656781587904963,***
1976.0,1974,42.6714301109314,2.982498366232307,36.825733313116075,48.51712690874672,***
1976.0,1975,-5.819648106892903,1.7302908053988029,-9.211018085474556,-2.42827812831125,***
1976.0,1976,4.625038782755533,8.204548664184534,-11.455876599046151,20.70595416455722,
1976.0,1977,33.10783449808758,3.451435393262494,26.34302112729309,39.87264786888207,***
1976.0,1978,1.5465952555338547,1.9217466363373916,-2.2200281516874325,5.313218662755142,
1976.0,1979,0.012767155965169863,1.6928678827294643,-3.30525389418458,3.33078820611492,
1976.0,1980,-5.505983352661133,2.3230208907484062,-10.059104298528009,-0.9528624067942566,***
1976.0,1981,-8.290794372558594,3.6002203958774657,-15.347226348478426,-1.234362396638761,***
1976.0,1982,-15.22905158996582,1.1740213078871087,-17.530133353424553,-12.927969826507088,***
1976.0,1983,-17.375631332397464,2.367893941160958,-22.016703457072943,-12.734559207721986,***
1976.0,1984,-14.766845703125,0.0,-14.766845703125,-14.766845703125,***
1977.0,1965,6.999377799756596,10.365829278432033,-13.317647585970187,27.31640318548338,
1977.0,1966,-12.45983418551358,7.644023319445123,-27.44211989162602,2.5224515205988602,
1977.0,1967,10.54148714470141,6.462493070061949,-2.124999272620011,23.20797356202283,
1977.0,1968,-13.946593429103043,11.599700977953688,-36.68200734589227,8.788820487686184,
1977.0,1969,13.439888943908036,10.590874039147385,-7.318224172820839,34.19800206063691,
1977.0,1970,2.3965131386943255,5.333471790977618,-8.057091571621806,12.850117849010458,
1977.0,1971,1.8234730344830152,9.831379663293818,-17.446031105572867,21.0929771745389,
1977.0,1972,3.928434606184043,7.621558176997817,-11.009819420731677,18.866688633099763,
1977.0,1973,2.45810678270128,6.589403002847244,-10.457123102879317,15.373336668281878,
1977.0,1974,-13.785380999247238,8.587210655606945,-30.61631388423685,3.0455518857423733,
1977.0,1975,-1.071212768554691,3.5764775478493873,-8.08110876233949,5.938683225230108,
1977.0,1976,0.49636459350586176,16.40781030289973,-31.66294360017761,32.65567278718933,
1977.0,1977,4.713046391805023,16.914614199066566,-28.439597438365446,37.86569022197549,
1977.0,1978,-14.083264668782553,13.498883825348196,-40.54107696646501,12.37454762889991,
1977.0,1979,-1.739402770996093,24.313843597710676,-49.39453622250902,45.91573068051683,
1977.0,1980,-5.435892105102541,19.00742052873421,-42.690436341421595,31.818652131216517,
1977.0,1981,-4.5564117431640625,15.95983306625722,-35.83768455302821,26.72486106670009,
1977.0,1982,-16.13133430480957,14.187607246891721,-43.939044508717345,11.676375899098204,
1977.0,1983,1.4881788889566998,26.037148142477182,-49.54463147029858,52.520989248211976,
1977.0,1984,-1.5901171366373674,19.513078127771546,-39.8357502670696,36.655515993794864,
1980.0,1965,-6.330945532662528,2.015407882581097,-10.281144982521479,-2.3807460828035785,***
1980.0,1966,1.3692174094063894,2.095786471130372,-2.738524074009139,5.476958892821918,
1980.0,1967,-0.0849806649344317,2.429661354438536,-4.8471169196339625,4.677155589765099,
1980.0,1968,3.553196389334543,2.200510562312023,-0.759804312797022,7.866197091466108,
1980.0,1969,-8.191604729854701,2.066948624827926,-12.242824034517437,-4.140385425191966,***
1980.0,1970,9.180043866557458,1.9802713233928078,5.298712072707556,13.06137566040736,***
1980.0,1971,-9.275159517923992,3.1110149770317257,-15.372748872906175,-3.1775701629418096,***
1980.0,1972,6.81981640770322,3.580143789364664,-0.19726541945152132,13.836898234857962,
1980.0,1973,-0.2397081201726743,4.154767393172505,-8.383052210790783,7.9036359704454355,
1980.0,1974,-0.7033207416534428,5.9076548924339916,-12.282324330824066,10.875682847517181,
1980.0,1975,2.532688140869142,1.9147438744589733,-1.2202098530704455,6.28558613480873,
1980.0,1976,-1.2906501770019545,9.842557526529557,-20.582062928999886,18.000762574995978,
1980.0,1977,1.8934106826782244,4.408168518419344,-6.7465996134236885,10.533420978780137,
1980.0,1978,-7.604739189147951,5.323158275711253,-18.03812940954201,2.828651031246105,
1980.0,1979,8.62828540802002,2.5957109137234897,3.5406920171219793,13.715878798918059,***
1980.0,1980,-9.45125675201416,4.765675664679997,-18.791981054786955,-0.11053244924136507,***
1980.0,1981,-7.019644737243652,1.1575656219458745,-9.288473356257565,-4.750816118229738,***
1980.0,1982,-14.034924507141113,3.6166760818187,-21.123609627505765,-6.946239386776462,***
1980.0,1983,-5.628731727600101,0.0747608327706331,-5.775262959830542,-5.482200495369661,***
1980.0,1984,-7.14811897277832,0.0,-7.14811897277832,-7.14811897277832,***
1984.0,1965,1.9131519317626946,2.0227704106016464,-2.0514780730165323,5.877781936541922,
1984.0,1966,0.26889741080148016,2.0961374765825016,-3.8395320433002227,4.377326864903183,
1984.0,1967,-2.7781966073172435,2.428365597909185,-7.537793179219246,1.9813999645847598,
1984.0,1968,-2.3640791756766184,2.2018153149523836,-6.67963719298329,1.9514788416300535,
1984.0,1969,1.1261990865071607,2.0814967452509583,-2.9535345341847177,5.2059327071990396,
1984.0,1970,1.9666373960433456,2.001210712702851,-1.9557356008542421,5.889010392940934,
1984.0,1971,-11.377856413523357,3.0990269191981654,-17.45194917515176,-5.303763651894953,***
1984.0,1972,6.289289020356681,3.582305570790263,-0.7320298983922342,13.310607939105596,
1984.0,1973,2.615909056230025,4.148399439293869,-5.514953844785959,10.74677195724601,
1984.0,1974,-11.623374700546265,5.742596306305177,-22.878863460904412,-0.3678859401881187,***
1984.0,1975,4.7295786539713545,1.8098408719310044,1.1822905449865857,8.276866762956123,***
1984.0,1976,1.473555755615233,9.841676899483444,-17.816130967372317,20.763242478602784,
1984.0,1977,8.273640632629396,2.883001844356586,2.6229570176904877,13.924324247568304,***
1984.0,1978,-7.3318147659301784,5.388399691474448,-17.893078161220096,3.22944862935974,
1984.0,1979,1.1151762008666992,4.391687527612148,-7.49253135325311,9.722883754986508,
1984.0,1980,-13.290834426879883,0.0,-13.290834426879883,-13.290834426879883,***
1984.0,1981,16.51913070678711,0.0,16.51913070678711,16.51913070678711,***
1984.0,1982,-13.31472396850586,0.0,-13.31472396850586,-13.31472396850586,***
1984.0,1983,9.877929687500007,0.0,9.877929687500007,9.877929687500007,***
1984.0,1984,2.5200729370117045,0.0,2.5200729370117045,2.5200729370117045,***
